tile,occupied_voxels,total_voxels,voxel_occupancy_ratio,understory_veg_returns,ground_returns,fractional_cover,understory_returns,first_returns,normalized_cover,lad_0.5_3.5m,canopy_first_returns,total_first_returns,canopy_cover_ratio_dbh,NDVI_count,NDVI_mean,NDVI_stdev,NDVI_min,NDVI_max
tile_282000_1550000.las,9603,57600,0.1667,19145,3360,0.8507,19145,80835,0.2368,2.4308,66318,80835,0.8204,100.0,0.534684863984585,0.061976284272542,0.388073593378067,0.648994445800781
tile_282000_1550100.las,10975,67200,0.1633,22886,3761,0.8589,22886,119034,0.1923,2.6236,104650,119034,0.8792,100.0,0.466857912242413,0.026691024166086,0.413506150245667,0.552843272686005
tile_282000_1550200.las,17456,67200,0.2598,50317,9066,0.8473,50317,148538,0.3387,2.0948,94662,148538,0.6373,100.0,0.456243121922016,0.040780829307529,0.345850080251694,0.520911991596222
tile_282000_1550300.las,15716,67200,0.2339,41276,8149,0.8351,41276,126666,0.3259,2.2248,78458,126666,0.6194,100.0,0.452473650276661,0.056578728061552,0.290198385715485,0.558175683021545
tile_282000_1550400.las,16158,67200,0.2404,29111,7236,0.8009,29111,70793,0.4112,1.7306,34733,70793,0.4906,100.0,0.418829245269299,0.064218803635205,0.287315666675568,0.578456699848175
tile_282000_1550500.las,18463,67200,0.2747,47366,8656,0.8455,47366,112795,0.4199,1.7672,65076,112795,0.5769,100.0,0.52323200583458,0.04773787065951,0.419069945812225,0.612616837024689
tile_282000_1550600.las,19316,67200,0.2874,47448,7071,0.8703,47448,134702,0.3522,2.0473,95820,134702,0.7113,100.0,0.540904796719551,0.053858319068257,0.38878321647644,0.617564141750336
tile_282000_1550700.las,22816,67200,0.3395,57061,8503,0.8703,57061,125511,0.4546,1.5232,81702,125511,0.651,100.0,0.518678672611713,0.043567490126703,0.414966225624084,0.601259529590607
tile_282000_1550800.las,21415,67200,0.3187,46609,9380,0.8325,46609,91929,0.507,1.2327,40818,91929,0.444,100.0,0.534966140985489,0.061248301704869,0.373915731906891,0.637703001499176
tile_282000_1550900.las,18923,67200,0.2816,47646,6716,0.8765,47646,126117,0.3778,1.9491,85326,126117,0.6766,100.0,0.631373350024223,0.086677066871979,0.37565341591835,0.752945065498352
tile_282000_1551000.las,17864,67200,0.2658,41742,5196,0.8893,41742,140395,0.2973,2.1215,116088,140395,0.8269,100.0,0.693576208353043,0.030177026951034,0.603269398212433,0.757172405719757
tile_282000_1551100.las,14775,67200,0.2199,31067,4850,0.865,31067,117901,0.2635,2.2384,99023,117901,0.8399,100.0,0.665024202466011,0.033452226967752,0.550523042678833,0.714734077453613
tile_282000_1551200.las,13016,67200,0.1937,23299,3416,0.8721,23299,77367,0.3011,2.0339,65796,77367,0.8504,100.0,0.664956598877907,0.04031204347014,0.520438313484192,0.715075492858887
tile_282000_1551300.las,16479,67200,0.2452,46979,5635,0.8929,46979,136796,0.3434,1.9334,105406,136796,0.7705,100.0,0.640308871269226,0.048746340407046,0.4465052485466,0.714347422122955
tile_282000_1551400.las,22012,67200,0.3276,63621,6319,0.9097,63621,154784,0.411,1.738,112544,154784,0.7271,100.0,0.627403793036938,0.060571263924739,0.489685535430908,0.74494343996048
tile_282000_1551500.las,18032,67200,0.2683,47006,6670,0.8757,47006,119208,0.3943,1.8207,78713,119208,0.6603,100.0,0.612140486240387,0.093531683933804,0.400524199008942,0.745291948318481
tile_282000_1551600.las,19694,67200,0.2931,49347,9650,0.8364,49347,99707,0.4949,1.4974,36793,99707,0.369,100.0,0.522450365424156,0.108360839510376,0.35173487663269,0.74982100725174
tile_282000_1551700.las,18498,67200,0.2753,56286,8168,0.8733,56286,140346,0.4011,2.1131,76309,140346,0.5437,100.0,0.613209208846092,0.107401860598222,0.369503259658813,0.775822043418884
tile_282000_1551800.las,9149,67200,0.1361,21561,3188,0.8712,21561,146299,0.1474,2.9399,134342,146299,0.9183,100.0,0.685503464341164,0.02829552334758,0.62500274181366,0.758995890617371
tile_282000_1551900.las,10305,57600,0.1789,20083,2479,0.8901,20083,87113,0.2305,2.3979,78221,87113,0.8979,100.0,0.60990332275629,0.045453444852673,0.49565377831459,0.700690925121307
tile_282100_1550000.las,14180,67200,0.211,33467,7307,0.8208,33467,111996,0.2988,2.1221,81418,111996,0.727,100.0,0.565942659676075,0.06104535627314,0.400673538446426,0.650260746479034
tile_282100_1550100.las,13480,78400,0.1719,26824,4587,0.854,26824,127253,0.2108,2.4982,111091,127253,0.873,100.0,0.48972974807024,0.025130945647041,0.448036402463913,0.574967861175537
tile_282100_1550200.las,22798,78400,0.2908,61534,11410,0.8436,61534,165238,0.3724,1.9006,102022,165238,0.6174,100.0,0.443768614828587,0.051876091740626,0.315816909074783,0.559160053730011
tile_282100_1550300.las,23740,78400,0.3028,66632,12028,0.8471,66632,166747,0.3996,1.8007,94085,166747,0.5642,100.0,0.404092125892639,0.05184740739776,0.297552198171616,0.51628053188324
tile_282100_1550400.las,18937,78400,0.2415,38593,7625,0.835,38593,112288,0.3437,1.9134,79951,112288,0.712,100.0,0.423522884249687,0.040446449120352,0.282503366470337,0.507047653198242
tile_282100_1550500.las,21028,78400,0.2682,56295,13690,0.8044,56295,116333,0.4839,1.3618,31510,116333,0.2709,100.0,0.385650734007359,0.063157364266038,0.281726956367493,0.552623093128204
tile_282100_1550600.las,27977,78400,0.3568,89683,14989,0.8568,89683,170960,0.5246,1.2755,64682,170960,0.3783,100.0,0.430807376801968,0.067275087506709,0.294225603342056,0.556436657905579
tile_282100_1550700.las,27805,78400,0.3547,82558,10858,0.8838,82558,166220,0.4967,1.4255,85775,166220,0.516,100.0,0.5059896671772,0.058861907128359,0.311185091733932,0.58642041683197
tile_282100_1550800.las,25155,78400,0.3209,61071,13997,0.8135,61071,118118,0.517,1.1013,35573,118118,0.3012,100.0,0.44422904253006,0.06939630158597,0.333024561405182,0.585526764392853
tile_282100_1550900.las,23666,78400,0.3019,57475,8589,0.87,57475,133478,0.4306,1.7156,85425,133478,0.64,100.0,0.609075796604156,0.062268763041606,0.467361658811569,0.734388947486877
tile_282100_1551000.las,20563,78400,0.2623,48824,6059,0.8896,48824,168073,0.2905,2.1251,140428,168073,0.8355,100.0,0.634648372530937,0.04871728484026,0.552357494831085,0.748952746391296
tile_282100_1551100.las,21287,78400,0.2715,58196,7428,0.8868,58196,158766,0.3666,1.8728,115094,158766,0.7249,100.0,0.618560062050819,0.033992328262987,0.558481097221375,0.722969651222229
tile_282100_1551200.las,13535,78400,0.1726,23216,3803,0.8592,23216,95693,0.2426,2.2975,84625,95693,0.8843,100.0,0.632014074921608,0.035330033226461,0.553383767604828,0.691227734088898
tile_282100_1551300.las,14721,78400,0.1878,29687,3347,0.8987,29687,136621,0.2173,2.4182,126596,136621,0.9266,100.0,0.624676312208176,0.029253261063843,0.525749385356903,0.675116777420044
tile_282100_1551400.las,18240,78400,0.2327,44512,4187,0.914,44512,183605,0.2424,2.3269,167218,183605,0.9107,100.0,0.653486474752426,0.051521665475482,0.498975038528442,0.712938249111176
tile_282100_1551500.las,11808,78400,0.1506,26995,3459,0.8864,26995,151470,0.1782,2.7175,139168,151470,0.9188,100.0,0.721192669868469,0.024368210059363,0.661507964134216,0.768828928470612
tile_282100_1551600.las,15604,78400,0.199,32070,6493,0.8316,32070,104793,0.306,2.214,72740,104793,0.6941,100.0,0.687546826303005,0.084367225872235,0.471918076276779,0.786524832248688
tile_282100_1551700.las,18293,78400,0.2333,49356,7195,0.8728,49356,152404,0.3238,2.1123,108299,152404,0.7106,100.0,0.646041219830513,0.082566708204702,0.423605769872665,0.752928614616394
tile_282100_1551800.las,12965,78400,0.1654,30904,3164,0.9071,30904,183903,0.168,2.7392,172766,183903,0.9394,100.0,0.619456684589386,0.05413205457259,0.476459711790085,0.703651785850525
tile_282100_1551900.las,12448,67200,0.1852,24995,3068,0.8907,24995,120243,0.2079,2.5063,110942,120243,0.9226,100.0,0.573084385991096,0.041270660771731,0.477873027324677,0.646973073482513
tile_282200_1550000.las,18408,67200,0.2739,55862,12707,0.8147,55862,133833,0.4174,1.7366,66443,133833,0.4965,100.0,0.419498901069164,0.104416514426898,0.266131967306137,0.605981469154358
tile_282200_1550100.las,17990,78400,0.2295,37253,10442,0.7811,37253,109313,0.3408,1.9214,64460,109313,0.5897,100.0,0.4568536901474,0.06577718622953,0.303672730922699,0.574023962020874
tile_282200_1550200.las,24359,78400,0.3107,70707,13341,0.8413,70707,165137,0.4282,1.6573,84259,165137,0.5102,100.0,0.41995353192091,0.056027665984225,0.322819381952286,0.529624700546265
tile_282200_1550300.las,22711,78400,0.2897,64523,10603,0.8589,64523,180094,0.3583,1.9425,119355,180094,0.6627,100.0,0.411899897754192,0.041316297440827,0.315849214792252,0.494112342596054
tile_282200_1550400.las,16448,78400,0.2098,34291,7068,0.8291,34291,131536,0.2607,2.3111,98635,131536,0.7499,100.0,0.453650804460049,0.076050857030858,0.273966997861862,0.606209337711334
tile_282200_1550500.las,21290,78400,0.2716,46692,12557,0.7881,46692,93000,0.5021,0.9999,19392,93000,0.2085,100.0,0.373584585189819,0.065811541273518,0.269772946834564,0.546879470348358
tile_282200_1550600.las,30618,78400,0.3905,98073,11911,0.8917,98073,161683,0.6066,0.9874,66141,161683,0.4091,100.0,0.488359242379665,0.066833760620788,0.304438531398773,0.591942608356476
tile_282200_1550700.las,31226,78400,0.3983,98292,12114,0.8903,98292,177384,0.5541,1.2439,80202,177384,0.4521,100.0,0.485053112208843,0.076195796999805,0.302183896303177,0.601590991020203
tile_282200_1550800.las,24212,78400,0.3088,60209,9112,0.8686,60209,143690,0.419,1.707,88503,143690,0.6159,100.0,0.548431725800037,0.049865365150919,0.39313530921936,0.614947557449341
tile_282200_1550900.las,21618,78400,0.2757,44255,7066,0.8623,44255,107328,0.4123,1.6944,74081,107328,0.6902,100.0,0.573808175325394,0.040964269962326,0.472049325704575,0.650546073913574
tile_282200_1551000.las,24538,78400,0.313,63440,6512,0.9069,63440,160645,0.3949,1.7318,127793,160645,0.7955,100.0,0.637501757144928,0.040929201732493,0.564193308353424,0.725949168205261
tile_282200_1551100.las,24216,78400,0.3089,68876,5703,0.9235,68876,178599,0.3856,1.7682,145369,178599,0.8139,100.0,0.702577468156815,0.044018827191555,0.600136876106262,0.784999430179596
tile_282200_1551200.las,18189,78400,0.232,41000,4352,0.904,41000,123119,0.333,1.9198,106429,123119,0.8644,100.0,0.710548363924027,0.027602111960978,0.661738634109497,0.783387959003448
tile_282200_1551300.las,17268,78400,0.2203,33615,5748,0.854,33615,108263,0.3105,2.0388,86495,108263,0.7989,100.0,0.712976716160774,0.027598180531769,0.657691299915314,0.776452124118805
tile_282200_1551400.las,14691,78400,0.1874,32563,4675,0.8745,32563,175930,0.1851,2.7146,160050,175930,0.9097,100.0,0.68028629899025,0.058637272363727,0.534043192863464,0.761610448360443
tile_282200_1551500.las,10155,78400,0.1295,21112,3313,0.8644,21112,176298,0.1198,3.1599,167563,176298,0.9505,100.0,0.638879262208939,0.064293804736962,0.452444344758987,0.751363635063171
tile_282200_1551600.las,11839,78400,0.151,23572,3579,0.8682,23572,121165,0.1945,2.6395,109299,121165,0.9021,100.0,0.58617510676384,0.062105767584508,0.459175586700439,0.705327153205872
tile_282200_1551700.las,13342,78400,0.1702,26611,3665,0.8789,26611,128821,0.2066,2.5444,117326,128821,0.9108,100.0,0.594667804539204,0.066160728530417,0.438598781824112,0.730598449707031
tile_282200_1551800.las,12035,78400,0.1535,24174,3264,0.881,24174,178448,0.1355,2.9799,170671,178448,0.9564,100.0,0.574676455259323,0.077246023674075,0.41966187953949,0.716648876667023
tile_282200_1551900.las,8718,67200,0.1297,16947,2422,0.875,16947,145877,0.1162,3.1182,139648,145877,0.9573,100.0,0.616436350345612,0.019087303150473,0.543866574764252,0.654657363891602
tile_282300_1550000.las,13549,67200,0.2016,32864,5736,0.8514,32864,144238,0.2278,2.607,115238,144238,0.7989,100.0,0.500441171824932,0.053354524414913,0.31554839015007,0.585173785686493
tile_282300_1550100.las,19164,78400,0.2444,43491,12385,0.7783,43491,124101,0.3504,1.9758,65978,124101,0.5316,100.0,0.451927336156368,0.070880858782409,0.300313591957092,0.577475070953369
tile_282300_1550200.las,21131,78400,0.2695,53318,11726,0.8197,53318,139642,0.3818,1.8842,78604,139642,0.5629,100.0,0.470549312829971,0.036787500457868,0.389036893844604,0.570737302303314
tile_282300_1550300.las,19477,78400,0.2484,52027,7020,0.8811,52027,178312,0.2918,2.1822,140850,178312,0.7899,100.0,0.443962568938732,0.038868372996498,0.363525182008743,0.530147731304169
tile_282300_1550400.las,18675,78400,0.2382,47284,5227,0.9005,47284,165727,0.2853,2.1736,138101,165727,0.8333,100.0,0.528990542888641,0.036523606169359,0.457032680511475,0.621869921684265
tile_282300_1550500.las,20625,78400,0.2631,41899,8271,0.8351,41899,104590,0.4006,1.7747,59873,104590,0.5725,100.0,0.52093463242054,0.073321724246211,0.364286512136459,0.661020159721375
tile_282300_1550600.las,26796,78400,0.3418,72049,8480,0.8947,72049,141848,0.5079,1.3942,84916,141848,0.5986,100.0,0.603369994163513,0.075468486160592,0.433372348546982,0.750385701656342
tile_282300_1550700.las,30274,78400,0.3861,89865,11417,0.8873,89865,175249,0.5128,1.4165,93997,175249,0.5364,100.0,0.556212186515331,0.07271921938763,0.427832365036011,0.708779633045197
tile_282300_1550800.las,22459,78400,0.2865,56779,7420,0.8844,56779,160385,0.354,2.0347,116048,160385,0.7236,100.0,0.578634600043297,0.034121776238714,0.424958676099777,0.634162425994873
tile_282300_1550900.las,17051,78400,0.2175,32778,5934,0.8467,32778,106246,0.3085,2.1637,79737,106246,0.7505,100.0,0.573111926913261,0.056582420725122,0.45136559009552,0.734361171722412
tile_282300_1551000.las,22807,78400,0.2909,59554,5667,0.9131,59554,143697,0.4144,1.6886,109946,143697,0.7651,100.0,0.652926854491234,0.051347556841879,0.557045221328735,0.768170416355133
tile_282300_1551100.las,24577,78400,0.3135,68064,5685,0.9229,68064,181032,0.376,1.7778,146193,181032,0.8076,100.0,0.71727141559124,0.028244683424396,0.611971020698547,0.767058491706848
tile_282300_1551200.las,21623,78400,0.2758,57250,4847,0.9219,57250,153491,0.373,1.7974,127550,153491,0.831,100.0,0.70488498032093,0.035321506435522,0.632421553134918,0.75841236114502
tile_282300_1551300.las,19622,78400,0.2503,36794,6855,0.843,36794,92217,0.399,1.7862,60574,92217,0.6569,100.0,0.686065304875374,0.039636208840012,0.607879102230072,0.765430510044098
tile_282300_1551400.las,11362,78400,0.1449,23706,5081,0.8235,23706,152784,0.1552,3.1593,132528,152784,0.8674,100.0,0.68058009237051,0.071791828673372,0.434684604406357,0.764006674289703
tile_282300_1551500.las,6462,78400,0.0824,12148,2278,0.8421,12148,178644,0.068,3.7342,174070,178644,0.9744,100.0,0.725407651662827,0.024655639223399,0.646716356277466,0.763254225254059
tile_282300_1551600.las,7468,78400,0.0953,14464,2395,0.8579,14464,141655,0.1021,3.2771,136152,141655,0.9612,100.0,0.704669578075409,0.033583705675793,0.605407893657684,0.764248728752136
tile_282300_1551700.las,11620,78400,0.1482,21453,3019,0.8766,21453,107862,0.1989,2.563,99085,107862,0.9186,100.0,0.715960419774055,0.021281376187649,0.629580557346344,0.756226062774658
tile_282300_1551800.las,13053,78400,0.1665,27778,3093,0.8998,27778,153266,0.1812,2.6265,144267,153266,0.9413,100.0,0.674021075963974,0.034063908006939,0.528825581073761,0.722646057605743
tile_282300_1551900.las,8954,67200,0.1332,19545,2022,0.9062,19545,139130,0.1405,2.9077,132569,139130,0.9528,100.0,0.670364894866943,0.04215129726698,0.542411863803864,0.764846384525299
tile_282400_1550000.las,16987,67200,0.2528,46292,8006,0.8526,46292,144454,0.3205,2.2788,96186,144454,0.6659,100.0,0.501828448474407,0.053442382230983,0.35881170630455,0.588475108146667
tile_282400_1550100.las,19296,78400,0.2461,47796,10785,0.8159,47796,136565,0.35,2.1722,77044,136565,0.5642,100.0,0.48313866019249,0.076377340658512,0.345616012811661,0.591523587703705
tile_282400_1550200.las,19771,78400,0.2522,42856,11478,0.7888,42856,113617,0.3772,1.9369,58090,113617,0.5113,100.0,0.444768743515015,0.047264980416564,0.35846534371376,0.569619357585907
tile_282400_1550300.las,17136,78400,0.2186,43928,6216,0.876,43928,175459,0.2504,2.3355,146596,175459,0.8355,100.0,0.551855909526348,0.052469746533126,0.406451642513275,0.629225075244904
tile_282400_1550400.las,21381,78400,0.2727,62837,6661,0.9042,62837,192321,0.3267,2.0156,152590,192321,0.7934,100.0,0.539789057672024,0.038059279245525,0.447811424732208,0.609564065933228
tile_282400_1550500.las,21531,78400,0.2746,55340,7083,0.8865,55340,136385,0.4058,1.7096,95224,136385,0.6982,100.0,0.589902378618717,0.059795742102251,0.439379572868347,0.723613619804382
tile_282400_1550600.las,20185,78400,0.2575,41627,6637,0.8625,41627,108769,0.3827,1.7452,79942,108769,0.735,100.0,0.706278399825096,0.028345828459209,0.615293681621552,0.752390801906586
tile_282400_1550700.las,20737,78400,0.2645,53142,7880,0.8709,53142,172435,0.3082,2.1091,134379,172435,0.7793,100.0,0.676255407333374,0.048394000153882,0.588729023933411,0.774495720863342
tile_282400_1550800.las,17170,78400,0.219,42248,5709,0.881,42248,173556,0.2434,2.5268,143529,173556,0.827,100.0,0.661692047715187,0.054582864623675,0.541065573692322,0.754272103309631
tile_282400_1550900.las,16933,78400,0.216,34979,5026,0.8744,34979,130782,0.2675,2.323,108553,130782,0.83,100.0,0.718185808062553,0.033629790189409,0.599265277385712,0.769265532493591
tile_282400_1551000.las,21421,78400,0.2732,49154,5733,0.8955,49154,121212,0.4055,1.7041,90533,121212,0.7469,100.0,0.697917595505714,0.036765460711996,0.600419580936432,0.76584380865097
tile_282400_1551100.las,24410,78400,0.3114,67549,6190,0.9161,67549,177307,0.381,1.7766,139471,177307,0.7866,100.0,0.678354638814926,0.036310466959727,0.573906421661377,0.739218354225159
tile_282400_1551200.las,19617,78400,0.2502,56735,4869,0.921,56735,175054,0.3241,2.0707,143190,175054,0.818,100.0,0.63077405154705,0.050711266827701,0.49606254696846,0.748849093914032
tile_282400_1551300.las,18641,78400,0.2378,41648,6748,0.8606,41648,109031,0.382,1.9989,71932,109031,0.6597,100.0,0.567397801876068,0.06829023246513,0.392365038394928,0.691010892391205
tile_282400_1551400.las,12865,78400,0.1641,25262,5875,0.8113,25262,131347,0.1923,2.9203,106114,131347,0.8079,100.0,0.641009032726288,0.067598936038288,0.488005012273788,0.76099568605423
tile_282400_1551500.las,11879,78400,0.1515,25765,4315,0.8565,25765,171328,0.1504,3.0162,152891,171328,0.8924,100.0,0.727064227461815,0.027164352051035,0.664332389831543,0.774678349494934
tile_282400_1551600.las,11625,78400,0.1483,26917,2591,0.9122,26917,161210,0.167,2.7323,151484,161210,0.9397,100.0,0.710451548099518,0.022463754476694,0.671776235103607,0.76284271478653
tile_282400_1551700.las,12153,78400,0.155,22997,2599,0.8985,22997,106922,0.2151,2.4359,97490,106922,0.9118,100.0,0.719460832476616,0.028758549926728,0.637395024299622,0.772403061389923
tile_282400_1551800.las,16782,78400,0.2141,40802,4570,0.8993,40802,135360,0.3014,2.1004,112300,135360,0.8296,100.0,0.702348207831383,0.046501707809667,0.51675808429718,0.758256793022156
tile_282400_1551900.las,15454,67200,0.23,39945,5147,0.8859,39945,138136,0.2892,2.2036,111416,138136,0.8066,100.0,0.672194845080376,0.08385100464472,0.434578567743301,0.771761000156403
tile_282500_1550000.las,14944,67200,0.2224,35266,5803,0.8587,35266,149219,0.2363,2.5572,121924,149219,0.8171,100.0,0.555288291573524,0.028144722723133,0.488315969705582,0.607112407684326
tile_282500_1550100.las,13392,78400,0.1708,26442,5099,0.8383,26442,159934,0.1653,3.0074,138829,159934,0.868,100.0,0.560237468779087,0.043410732447027,0.402456104755402,0.608679473400116
tile_282500_1550200.las,16962,78400,0.2164,34030,8190,0.806,34030,112663,0.3021,2.2105,76397,112663,0.6781,100.0,0.463620505928993,0.059951729370987,0.332940518856049,0.608994543552399
tile_282500_1550300.las,19163,78400,0.2444,50216,7376,0.8719,50216,159994,0.3139,2.0518,122333,159994,0.7646,100.0,0.566550981998444,0.056624028922874,0.401393443346024,0.623742580413818
tile_282500_1550400.las,27131,78400,0.3461,87209,9175,0.9048,87209,200694,0.4345,1.6359,137433,200694,0.6848,100.0,0.566054690480232,0.026792208824636,0.501745700836182,0.61270272731781
tile_282500_1550500.las,25304,78400,0.3228,77920,9515,0.8912,77920,158783,0.4907,1.4366,93501,158783,0.5889,100.0,0.610237902998924,0.064703943654103,0.437473386526108,0.743425607681274
tile_282500_1550600.las,18997,78400,0.2423,36466,6530,0.8481,36466,95238,0.3829,1.7333,67077,95238,0.7043,100.0,0.677234687209129,0.033329830868716,0.586930871009827,0.750417709350586
tile_282500_1550700.las,20863,78400,0.2661,54252,6553,0.8922,54252,147547,0.3677,1.8375,113352,147547,0.7682,100.0,0.71334185063839,0.025320565633708,0.646546006202698,0.765377104282379
tile_282500_1550800.las,12766,78400,0.1628,28127,3330,0.8941,28127,166098,0.1693,2.7655,153123,166098,0.9219,100.0,0.707170639634132,0.027659481942056,0.638562560081482,0.760994791984558
tile_282500_1550900.las,20260,78400,0.2584,49360,6675,0.8809,49360,147833,0.3339,2.1181,108978,147833,0.7372,100.0,0.712666920423508,0.045995281146206,0.502012968063354,0.752452909946442
tile_282500_1551000.las,20355,78400,0.2596,41772,7276,0.8517,41772,104646,0.3992,1.8001,65977,104646,0.6305,100.0,0.667409229576588,0.056414777264486,0.445995301008224,0.745712637901306
tile_282500_1551100.las,29438,78400,0.3755,88848,9496,0.9034,88848,153617,0.5784,1.1993,77401,153617,0.5039,100.0,0.551662188768387,0.081766423108826,0.380491256713867,0.682827830314636
tile_282500_1551200.las,27634,78400,0.3525,84735,7981,0.9139,84735,179529,0.472,1.5926,118486,179529,0.66,100.0,0.55695373415947,0.070412503523705,0.317494243383408,0.640371799468994
tile_282500_1551300.las,21787,78400,0.2779,55662,6245,0.8991,55662,138441,0.4021,1.8229,99852,138441,0.7213,100.0,0.59804475158453,0.067212367639321,0.415821135044098,0.695968508720398
tile_282500_1551400.las,13644,78400,0.174,29453,5908,0.8329,29453,115024,0.2561,2.4311,88807,115024,0.7721,100.0,0.635880227386951,0.062361006188741,0.460598975419998,0.770049571990967
tile_282500_1551500.las,16068,78400,0.2049,40471,6853,0.8552,40471,168551,0.2401,2.5632,132475,168551,0.786,100.0,0.725675317049026,0.033548673542602,0.636443138122559,0.78325492143631
tile_282500_1551600.las,11845,78400,0.1511,27326,3058,0.8994,27326,167164,0.1635,2.7912,155211,167164,0.9285,100.0,0.738614571690559,0.025822069671265,0.654757499694824,0.780165910720825
tile_282500_1551700.las,12110,78400,0.1545,24040,2890,0.8927,24040,123709,0.1943,2.5647,113336,123709,0.9161,100.0,0.734363325238228,0.033794534653902,0.638191401958466,0.78404426574707
tile_282500_1551800.las,16388,78400,0.209,37751,3751,0.9096,37751,115001,0.3283,1.9603,97609,115001,0.8488,100.0,0.694120186567307,0.021071876661654,0.627189457416534,0.738806307315826
tile_282500_1551900.las,19903,67200,0.2962,54430,5909,0.9021,54430,134192,0.4056,1.7107,103476,134192,0.7711,100.0,0.662644053697586,0.05331288645242,0.461709260940552,0.751401305198669
tile_282600_1550000.las,11962,67200,0.178,25746,5273,0.83,25746,139641,0.1844,2.7754,119220,139641,0.8538,100.0,0.529411410391331,0.056854291125419,0.418306559324265,0.607122957706451
tile_282600_1550100.las,10503,78400,0.134,21032,2915,0.8783,21032,200583,0.1049,3.2322,193714,200583,0.9658,100.0,0.572978156805038,0.023503123845997,0.523858547210693,0.628929913043976
tile_282600_1550200.las,16089,78400,0.2052,33291,8067,0.8049,33291,135998,0.2448,2.4271,102873,135998,0.7564,100.0,0.552880273163319,0.050293646297193,0.399761468172073,0.617872059345245
tile_282600_1550300.las,23207,78400,0.296,58103,12229,0.8261,58103,132424,0.4388,1.5435,71012,132424,0.5362,100.0,0.486568079888821,0.056508729313744,0.351217985153198,0.60755866765976
tile_282600_1550400.las,25549,78400,0.3259,80806,9078,0.899,80806,189356,0.4267,1.6944,125904,189356,0.6649,100.0,0.545547678470612,0.034825295097751,0.447853475809097,0.622967541217804
tile_282600_1550500.las,21856,78400,0.2788,64828,7428,0.8972,64828,177541,0.3651,1.9046,130400,177541,0.7345,100.0,0.651832970380783,0.056224422113391,0.54983526468277,0.744230508804321
tile_282600_1550600.las,13699,78400,0.1747,25095,4113,0.8592,25095,97757,0.2567,2.2826,82305,97757,0.8419,100.0,0.688258879184723,0.062065597513246,0.500320971012115,0.766835153102875
tile_282600_1550700.las,11288,78400,0.144,22008,2766,0.8884,22008,114814,0.1917,2.5907,105383,114814,0.9179,100.0,0.674122483432293,0.073373029373413,0.443745762109756,0.757925450801849
tile_282600_1550800.las,12073,78400,0.154,25349,2870,0.8983,25349,166682,0.1521,2.834,158478,166682,0.9508,100.0,0.667632005512714,0.08956770450106,0.378199428319931,0.738869607448578
tile_282600_1550900.las,17187,78400,0.2192,41527,5841,0.8767,41527,162978,0.2548,2.4101,131714,162978,0.8082,100.0,0.694081281721592,0.055934009583902,0.458687126636505,0.743023574352264
tile_282600_1551000.las,27242,78400,0.3475,60888,9944,0.8596,60888,116356,0.5233,1.3003,53896,116356,0.4632,100.0,0.60221984565258,0.082760438013814,0.41124626994133,0.728662073612213
tile_282600_1551100.las,30228,78400,0.3856,85598,11067,0.8855,85598,130233,0.6573,0.8678,36699,130233,0.2818,100.0,0.442634542882442,0.108701104073559,0.264236807823181,0.64172226190567
tile_282600_1551200.las,31218,78400,0.3982,105505,13888,0.8837,105505,172551,0.6114,1.0095,45900,172551,0.266,100.0,0.368233080655336,0.089830211964613,0.213153660297394,0.579832911491394
tile_282600_1551300.las,24972,78400,0.3185,69775,10350,0.8708,69775,157730,0.4424,1.849,81867,157730,0.519,100.0,0.554148418754339,0.138505648729973,0.208848312497139,0.71772164106369
tile_282600_1551400.las,13373,78400,0.1706,25508,4801,0.8416,25508,99656,0.256,2.4633,79371,99656,0.7964,100.0,0.576602262556553,0.115137096578819,0.300226897001266,0.730709791183472
tile_282600_1551500.las,12112,78400,0.1545,28557,3295,0.8966,28557,147732,0.1933,2.619,134355,147732,0.9095,100.0,0.699131204485893,0.060802875697034,0.529136478900909,0.780648946762085
tile_282600_1551600.las,13921,78400,0.1776,32386,3939,0.8916,32386,154708,0.2093,2.5645,137081,154708,0.8861,100.0,0.67836226940155,0.044788488661931,0.529423177242279,0.756577968597412
tile_282600_1551700.las,13533,78400,0.1726,29373,3959,0.8812,29373,137957,0.2129,2.524,121229,137957,0.8787,100.0,0.645626600384712,0.04563590996112,0.518393456935883,0.738137066364288
tile_282600_1551800.las,15556,78400,0.1984,29637,3948,0.8824,29637,94251,0.3144,2.0068,79483,94251,0.8433,100.0,0.620009998083115,0.045253786582349,0.505594491958618,0.709930896759033
tile_282600_1551900.las,14088,67200,0.2096,34277,3136,0.9162,34277,118495,0.2893,2.1033,105819,118495,0.893,100.0,0.601371600031853,0.050523669397254,0.492271274328232,0.72586065530777
tile_282700_1550000.las,10603,67200,0.1578,18951,3514,0.8436,18951,115231,0.1645,2.8118,106326,115231,0.9227,100.0,0.464044270813465,0.045170832373008,0.358354985713959,0.564902126789093
tile_282700_1550100.las,14064,78400,0.1794,33636,3492,0.9059,33636,207950,0.1618,2.7538,196927,207950,0.947,100.0,0.549479378759861,0.053574453696267,0.399223357439041,0.607826888561249
tile_282700_1550200.las,16664,78400,0.2126,37299,8441,0.8155,37299,152947,0.2439,2.3651,119384,152947,0.7806,100.0,0.562638819515705,0.021328425219042,0.479355365037918,0.607520163059235
tile_282700_1550300.las,23109,78400,0.2948,50152,11718,0.8106,50152,118255,0.4241,1.5461,65405,118255,0.5531,100.0,0.525148769021034,0.034255259049397,0.444358319044113,0.605327129364014
tile_282700_1550400.las,21967,78400,0.2802,58013,7515,0.8853,58013,161745,0.3587,1.896,119078,161745,0.7362,100.0,0.565095620155334,0.035484429631531,0.450914353132248,0.648728609085083
tile_282700_1550500.las,16177,78400,0.2063,39524,5029,0.8871,39524,189645,0.2084,2.5426,166794,189645,0.8795,100.0,0.642181805968285,0.053264356206642,0.49030989408493,0.748411953449249
tile_282700_1550600.las,9110,78400,0.1162,15228,2612,0.8536,15228,126468,0.1204,3.0674,120889,126468,0.9559,100.0,0.6793788844347,0.049162854137484,0.566060245037079,0.751286685466766
tile_282700_1550700.las,9058,78400,0.1155,14708,2590,0.8503,14708,87592,0.1679,2.7728,79753,87592,0.9105,100.0,0.606195687949657,0.065329997902024,0.385465115308762,0.739203035831451
tile_282700_1550800.las,11232,78400,0.1433,24190,2965,0.8908,24190,150212,0.161,2.7856,140488,150212,0.9353,100.0,0.694134166836739,0.03075885277567,0.602021396160126,0.76139909029007
tile_282700_1550900.las,17621,78400,0.2248,43838,5668,0.8855,43838,168759,0.2598,2.3514,139394,168759,0.826,100.0,0.664348191022873,0.055043938309269,0.534982800483704,0.760436296463013
tile_282700_1551000.las,29492,78400,0.3762,75119,10735,0.875,75119,137051,0.5481,1.218,66573,137051,0.4858,100.0,0.540337873697281,0.070330404577221,0.425622850656509,0.691457211971283
tile_282700_1551100.las,25819,78400,0.3293,58840,11425,0.8374,58840,109660,0.5366,1.2828,35141,109660,0.3205,100.0,0.458939400315285,0.081690023163672,0.258620411157608,0.607396066188812
tile_282700_1551200.las,26033,78400,0.3321,82304,14604,0.8493,82304,163962,0.502,1.6265,51180,163962,0.3121,100.0,0.423626327514648,0.127292098279639,0.229073017835617,0.61829000711441
tile_282700_1551300.las,30655,78400,0.391,88057,12269,0.8777,88057,174154,0.5056,1.4608,87917,174154,0.5048,100.0,0.568236618340015,0.094024937045263,0.325158357620239,0.700281381607056
tile_282700_1551400.las,14949,78400,0.1907,36432,5962,0.8594,36432,122967,0.2963,2.2369,94960,122967,0.7722,100.0,0.612581937015057,0.064976505212601,0.421536058187485,0.692767977714539
tile_282700_1551500.las,15564,78400,0.1985,39152,3480,0.9184,39152,125681,0.3115,2.0511,110973,125681,0.883,100.0,0.654187069535255,0.042421936693752,0.511952936649323,0.711496114730835
tile_282700_1551600.las,23437,78400,0.2989,61343,7003,0.8975,61343,159086,0.3856,1.8334,118698,159086,0.7461,100.0,0.606779609918594,0.04533697324429,0.465402722358704,0.690851867198944
tile_282700_1551700.las,23435,78400,0.2989,60926,9420,0.8661,60926,148170,0.4112,1.7543,95403,148170,0.6439,100.0,0.621329814195633,0.077788536851853,0.391338407993317,0.7698033452034
tile_282700_1551800.las,20317,78400,0.2591,41155,9066,0.8195,41155,99865,0.4121,1.645,61481,99865,0.6156,100.0,0.544654847085476,0.071615106798864,0.344488054513931,0.68796581029892
tile_282700_1551900.las,14357,67200,0.2136,28906,4884,0.8555,28906,108072,0.2675,2.2489,88146,108072,0.8156,100.0,0.511612756252289,0.0658354219181,0.296813637018204,0.598994076251984
tile_282800_1550000.las,10235,67200,0.1523,16173,2803,0.8523,16173,79042,0.2046,2.5334,71793,79042,0.9083,100.0,0.465038951188326,0.082251475020046,0.249959036707878,0.621040105819702
tile_282800_1550100.las,17664,78400,0.2253,41599,5568,0.882,41599,174974,0.2377,2.3963,154294,174974,0.8818,100.0,0.435697470605373,0.077672145321427,0.270202994346619,0.597473919391632
tile_282800_1550200.las,20260,78400,0.2584,53429,8143,0.8677,53429,180623,0.2958,2.1083,146248,180623,0.8097,100.0,0.529182529747486,0.052654746496445,0.394956052303314,0.600647389888763
tile_282800_1550300.las,24100,78400,0.3074,52858,9417,0.8488,52858,124154,0.4257,1.5601,82330,124154,0.6631,100.0,0.530865220725536,0.026439353571455,0.421607136726379,0.574496626853943
tile_282800_1550400.las,20485,78400,0.2613,47133,6321,0.8817,47133,139371,0.3382,1.9222,109524,139371,0.7858,100.0,0.526066216826439,0.038423672942789,0.439114034175873,0.614702582359314
tile_282800_1550500.las,15527,78400,0.198,36517,4755,0.8848,36517,179199,0.2038,2.5839,157822,179199,0.8807,100.0,0.567859398722649,0.06792564476672,0.360077351331711,0.691305041313171
tile_282800_1550600.las,11501,78400,0.1467,23561,3228,0.8795,23561,149609,0.1575,2.8641,138987,149609,0.929,100.0,0.6273645144701,0.046205333656306,0.527060329914093,0.75902658700943
tile_282800_1550700.las,10374,78400,0.1323,16861,2618,0.8656,16861,85923,0.1962,2.5982,77959,85923,0.9073,100.0,0.570903686285019,0.08275615974951,0.331503301858902,0.743119359016418
tile_282800_1550800.las,11490,78400,0.1466,24764,4351,0.8506,24764,121563,0.2037,2.7152,101742,121563,0.8369,100.0,0.632615078687668,0.044227097266194,0.522284507751465,0.698240995407104
tile_282800_1550900.las,18415,78400,0.2349,45635,7488,0.859,45635,170431,0.2678,2.44,130920,170431,0.7682,100.0,0.572225892543793,0.038159429377043,0.436872094869614,0.636503040790558
tile_282800_1551000.las,16983,78400,0.2166,39176,6021,0.8668,39176,152340,0.2572,2.3909,124898,152340,0.8199,100.0,0.538788495659828,0.055321842273488,0.418418616056442,0.638754487037659
tile_282800_1551100.las,18702,78400,0.2385,37787,8436,0.8175,37787,104879,0.3603,2.1795,61264,104879,0.5841,100.0,0.475644880086184,0.116532789924652,0.207501947879791,0.601179540157318
tile_282800_1551200.las,24621,78400,0.314,70125,12666,0.847,70125,146446,0.4788,1.7036,59863,146446,0.4088,100.0,0.464132595360279,0.101863404556208,0.271538108587265,0.680245161056519
tile_282800_1551300.las,25683,78400,0.3276,70412,11459,0.86,70412,165814,0.4246,1.7014,96787,165814,0.5837,100.0,0.599709281921387,0.052126024967756,0.365732908248901,0.673642039299011
tile_282800_1551400.las,16211,78400,0.2068,38049,6540,0.8533,38049,138018,0.2757,2.2701,109469,138018,0.7932,100.0,0.663110183477402,0.050080852194611,0.54613584280014,0.728717029094696
tile_282800_1551500.las,13947,78400,0.1779,31381,5074,0.8608,31381,105169,0.2984,2.1517,83809,105169,0.7969,100.0,0.707637479901314,0.04467861885755,0.544321775436401,0.760839700698853
tile_282800_1551600.las,18361,78400,0.2342,44490,4730,0.9039,44490,152558,0.2916,2.1483,131026,152558,0.8589,100.0,0.649790377020836,0.044155902500997,0.531860709190369,0.761499404907227
tile_282800_1551700.las,22811,78400,0.291,57074,5322,0.9147,57074,154688,0.369,1.8461,130237,154688,0.8419,100.0,0.704027497768402,0.052648058616532,0.525919258594513,0.780116081237793
tile_282800_1551800.las,20739,78400,0.2645,45681,6870,0.8693,45681,125421,0.3642,1.832,96347,125421,0.7682,100.0,0.585159469246864,0.06960887487241,0.353125959634781,0.684948027133942
tile_282800_1551900.las,14587,67200,0.2171,29630,4601,0.8656,29630,95320,0.3108,2.0731,75956,95320,0.7969,100.0,0.544731556773186,0.04053026080993,0.448934555053711,0.612522065639496
tile_282900_1550000.las,9906,67200,0.1474,15472,2443,0.8636,15472,66803,0.2316,2.3681,59388,66803,0.889,100.0,0.547636574804783,0.05593802541278,0.395351380109787,0.616884589195251
tile_282900_1550100.las,14223,78400,0.1814,25014,3452,0.8787,25014,135878,0.1841,2.6547,126637,135878,0.932,100.0,0.433523826897144,0.034168602067694,0.343402981758118,0.509362876415253
tile_282900_1550200.las,15406,78400,0.1965,33530,4570,0.8801,33530,169353,0.198,2.6141,154106,169353,0.91,100.0,0.50305479824543,0.057787671826976,0.36462265253067,0.591980159282684
tile_282900_1550300.las,18225,78400,0.2325,39830,6016,0.8688,39830,133220,0.299,2.1393,108320,133220,0.8131,100.0,0.455882761180401,0.049164115570861,0.361642360687256,0.573650658130646
tile_282900_1550400.las,18075,78400,0.2305,36758,5681,0.8661,36758,117841,0.3119,2.0004,95667,117841,0.8118,100.0,0.527112541496754,0.048361102266741,0.36130091547966,0.621029019355774
tile_282900_1550500.las,19237,78400,0.2454,50426,4909,0.9113,50426,169254,0.2979,2.0666,145730,169254,0.861,100.0,0.597792109251022,0.066009890025354,0.448300272226334,0.727865517139435
tile_282900_1550600.las,21050,78400,0.2685,55910,4845,0.9203,55910,184016,0.3038,2.0627,158838,184016,0.8632,100.0,0.703381454944611,0.019882069041366,0.636702597141266,0.751165390014648
tile_282900_1550700.las,11538,78400,0.1472,20771,2838,0.8798,20771,111820,0.1858,2.5868,103676,111820,0.9272,100.0,0.65241935133934,0.049047430801197,0.532421231269836,0.754734337329865
tile_282900_1550800.las,14446,78400,0.1843,29885,5201,0.8518,29885,92928,0.3216,2.1121,67977,92928,0.7315,100.0,0.623311274051666,0.039124762869363,0.500499904155731,0.675666391849518
tile_282900_1550900.las,15035,78400,0.1918,36652,5448,0.8706,36652,154407,0.2374,2.5551,126601,154407,0.8199,100.0,0.605187956094742,0.034376463984816,0.486084938049316,0.672872602939606
tile_282900_1551000.las,12131,78400,0.1547,26957,5610,0.8277,26957,166173,0.1622,2.9533,145287,166173,0.8743,100.0,0.601277947723866,0.063464441815425,0.462461829185486,0.695913732051849
tile_282900_1551100.las,16191,78400,0.2065,34424,5998,0.8516,34424,119671,0.2877,2.1845,95932,119671,0.8016,100.0,0.601134916543961,0.044542214834302,0.480714976787567,0.674084365367889
tile_282900_1551200.las,14433,78400,0.1841,29919,6012,0.8327,29919,121281,0.2467,2.4464,96077,121281,0.7922,100.0,0.592279053628445,0.055256001138807,0.406517565250397,0.68545138835907
tile_282900_1551300.las,16610,78400,0.2119,38452,5313,0.8786,38452,160790,0.2391,2.3828,138205,160790,0.8595,100.0,0.66185719192028,0.031327379748181,0.590844213962555,0.722667992115021
tile_282900_1551400.las,23695,78400,0.3022,61607,8855,0.8743,61607,155254,0.3968,1.7561,108264,155254,0.6973,100.0,0.722434514760971,0.026416029976487,0.650965929031372,0.773742914199829
tile_282900_1551500.las,20978,78400,0.2676,51128,9080,0.8492,51128,110190,0.464,1.4887,64189,110190,0.5825,100.0,0.726515082120895,0.033142350834968,0.603498876094818,0.777189135551453
tile_282900_1551600.las,22451,78400,0.2864,61197,7466,0.8913,61197,141881,0.4313,1.6538,99586,141881,0.7019,100.0,0.679427575469017,0.039242051691926,0.562053799629211,0.750665724277496
tile_282900_1551700.las,24847,78400,0.3169,66329,7127,0.903,66329,162197,0.4089,1.7666,119342,162197,0.7358,100.0,0.698338521122932,0.05173545956867,0.501196444034576,0.770378053188324
tile_282900_1551800.las,20505,78400,0.2615,51521,5092,0.9101,51521,150658,0.342,1.9708,123122,150658,0.8172,100.0,0.611277713775635,0.046181290858095,0.442626923322678,0.671546280384064
tile_282900_1551900.las,14722,67200,0.2191,29376,5535,0.8415,29376,89472,0.3283,1.9868,67665,89472,0.7563,100.0,0.543437290489674,0.055704685046511,0.402998149394989,0.644300520420074
tile_283000_1550000.las,13654,67200,0.2032,30548,4599,0.8691,30548,78675,0.3883,1.9193,50783,78675,0.6455,100.0,0.553454339504242,0.049724566225686,0.45354837179184,0.630935788154602
tile_283000_1550100.las,11027,78400,0.1407,21273,2701,0.8873,21273,115417,0.1843,2.6428,105817,115417,0.9168,100.0,0.547766177654266,0.045459747923515,0.426728874444962,0.621209561824799
tile_283000_1550200.las,12634,78400,0.1611,25518,3654,0.8747,25518,148253,0.1721,2.7557,135503,148253,0.914,100.0,0.549628986120224,0.036368178031251,0.471118271350861,0.622138917446136
tile_283000_1550300.las,11423,78400,0.1457,24166,3528,0.8726,24166,154585,0.1563,2.8669,142978,154585,0.9249,100.0,0.501699998676777,0.070171012346461,0.312015801668167,0.593283414840698
tile_283000_1550400.las,16842,78400,0.2148,33549,5025,0.8697,33549,125636,0.267,2.2192,109811,125636,0.874,100.0,0.459039368033409,0.073830176762327,0.285125702619553,0.611327826976776
tile_283000_1550500.las,21230,78400,0.2708,53392,4758,0.9182,53392,154708,0.3451,1.8766,135206,154708,0.8739,100.0,0.634631853103638,0.084723590750272,0.442053020000458,0.739448368549347
tile_283000_1550600.las,20080,78400,0.2561,54491,3931,0.9327,54491,194282,0.2805,2.1183,176349,194282,0.9077,100.0,0.714867634773254,0.012623012214782,0.68310135602951,0.743798792362213
tile_283000_1550700.las,11721,78400,0.1495,24943,2843,0.8977,24943,139686,0.1786,2.6203,131420,139686,0.9408,100.0,0.683618814945221,0.044566811012626,0.573872745037079,0.755022585391998
tile_283000_1550800.las,11227,78400,0.1432,18212,3604,0.8348,18212,82400,0.221,2.457,72035,82400,0.8742,100.0,0.633832515478134,0.03223820098339,0.530704379081726,0.725471258163452
tile_283000_1550900.las,14351,78400,0.183,32910,6439,0.8364,32910,130218,0.2527,2.4418,102976,130218,0.7908,100.0,0.621620576381683,0.044239290540396,0.520803868770599,0.684657216072083
tile_283000_1551000.las,20426,78400,0.2605,55218,9896,0.848,55218,163771,0.3372,2.217,104243,163771,0.6365,100.0,0.615477761626244,0.036648391219931,0.476970016956329,0.682341337203979
tile_283000_1551100.las,20451,78400,0.2609,56304,6813,0.8921,56304,138805,0.4056,1.8126,96929,138805,0.6983,100.0,0.578558319807053,0.061562029688912,0.451280206441879,0.670405328273773
tile_283000_1551200.las,11612,78400,0.1481,19961,3476,0.8517,19961,107096,0.1864,2.6932,96187,107096,0.8981,100.0,0.655164769291878,0.038346946770442,0.512632250785828,0.713831067085266
tile_283000_1551300.las,15189,78400,0.1937,35139,4095,0.8956,35139,152506,0.2304,2.4123,135641,152506,0.8894,100.0,0.653029020428658,0.043825934630326,0.56412136554718,0.74439948797226
tile_283000_1551400.las,27140,78400,0.3462,69627,9652,0.8783,69627,150124,0.4638,1.5506,92127,150124,0.6137,100.0,0.660244266986847,0.083729304206815,0.339941889047623,0.765310227870941
tile_283000_1551500.las,25452,78400,0.3246,64124,8711,0.8804,64124,128523,0.4989,1.3716,79216,128523,0.6164,100.0,0.684835045337677,0.0502753782197,0.503817081451416,0.767045855522156
tile_283000_1551600.las,24963,78400,0.3184,60767,9334,0.8668,60767,118576,0.5125,1.3134,68389,118576,0.5768,100.0,0.610892353653908,0.094544537569666,0.393569797277451,0.749085366725922
tile_283000_1551700.las,24646,78400,0.3144,70381,9129,0.8852,70381,164077,0.429,1.6906,107228,164077,0.6535,100.0,0.62852461129427,0.07918811396129,0.378700435161591,0.753701329231262
tile_283000_1551800.las,23405,78400,0.2985,62638,8276,0.8833,62638,157953,0.3966,1.8203,108687,157953,0.6881,100.0,0.592288482785225,0.061933426041746,0.388357847929001,0.703869462013245
tile_283000_1551900.las,17840,67200,0.2655,42436,8486,0.8334,42436,105773,0.4012,1.776,64863,105773,0.6132,100.0,0.568410480320454,0.059603217644514,0.36881685256958,0.643759965896606
tile_283100_1550000.las,10883,67200,0.1619,23446,5012,0.8239,23446,48065,0.4878,1.5942,19827,48065,0.4125,100.0,0.263928125174716,0.23279053046244,0.009544908069074,0.617791354656219
tile_283100_1550100.las,13511,78400,0.1723,23860,4912,0.8293,23860,88690,0.269,2.5049,63731,88690,0.7186,100.0,0.388655872158706,0.214169246864536,0.036237262189388,0.612791955471039
tile_283100_1550200.las,11916,78400,0.152,25833,4217,0.8597,25833,151944,0.17,2.9331,131707,151944,0.8668,100.0,0.585004211068153,0.03361748714756,0.42413204908371,0.625495612621307
tile_283100_1550300.las,11445,78400,0.146,27767,4389,0.8635,27767,159548,0.174,2.9034,136986,159548,0.8586,100.0,0.573343959450722,0.021876599355305,0.52160507440567,0.636134803295135
tile_283100_1550400.las,11360,78400,0.1449,22997,3285,0.875,22997,137071,0.1678,2.7512,126750,137071,0.9247,100.0,0.559446755647659,0.0619248098166,0.424012422561646,0.677922666072845
tile_283100_1550500.las,18913,78400,0.2412,40425,4859,0.8927,40425,121930,0.3315,1.9516,105417,121930,0.8646,100.0,0.518578671514988,0.094940060211892,0.344030380249023,0.698035478591919
tile_283100_1550600.las,19840,78400,0.2531,52285,3964,0.9295,52285,169453,0.3086,2.0221,152944,169453,0.9026,100.0,0.664681485295296,0.04033143723703,0.589241623878479,0.722981214523315
tile_283100_1550700.las,12418,78400,0.1584,29233,3130,0.9033,29233,154941,0.1887,2.5909,144667,154941,0.9337,100.0,0.661880176067352,0.059750585825544,0.523355901241302,0.774428904056549
tile_283100_1550800.las,9194,78400,0.1173,15778,2869,0.8461,15778,89438,0.1764,2.7092,82434,89438,0.9217,100.0,0.616771631240845,0.053179583179563,0.5226229429245,0.74610036611557
tile_283100_1550900.las,13416,78400,0.1711,29742,4723,0.863,29742,106436,0.2794,2.2429,86306,106436,0.8109,100.0,0.644821267127991,0.034485566235417,0.518934965133667,0.724054932594299
tile_283100_1551000.las,23695,78400,0.3022,64186,8298,0.8855,64186,164854,0.3894,1.869,109434,164854,0.6638,100.0,0.601416156291962,0.038298700099508,0.4440977871418,0.65934807062149
tile_283100_1551100.las,17983,78400,0.2294,46453,5870,0.8878,46453,159854,0.2906,2.306,124017,159854,0.7758,100.0,0.602398456037045,0.062869661760946,0.386240005493164,0.731467962265015
tile_283100_1551200.las,9676,78400,0.1234,17143,3778,0.8194,17143,108089,0.1586,2.9439,96029,108089,0.8884,100.0,0.652195596694946,0.033627465809073,0.541434347629547,0.74035120010376
tile_283100_1551300.las,21488,78400,0.2741,51089,6863,0.8816,51089,135306,0.3776,1.8236,101259,135306,0.7484,100.0,0.607628040313721,0.034969502514695,0.539471924304962,0.676084876060486
tile_283100_1551400.las,26254,78400,0.3349,66492,8001,0.8926,66492,157519,0.4221,1.659,111453,157519,0.7076,100.0,0.582582910060883,0.078216914928415,0.342202812433243,0.729579329490662
tile_283100_1551500.las,27550,78400,0.3514,72259,7721,0.9035,72259,148897,0.4853,1.445,103471,148897,0.6949,100.0,0.695040372014046,0.047900534083167,0.579813599586487,0.763552367687225
tile_283100_1551600.las,22934,78400,0.2925,48453,8091,0.8569,48453,99617,0.4864,1.4359,56383,99617,0.566,100.0,0.622523796260357,0.078372122677581,0.403257220983505,0.748729944229126
tile_283100_1551700.las,27311,78400,0.3484,76242,8624,0.8984,76242,141456,0.539,1.3611,75090,141456,0.5308,100.0,0.510304076522589,0.168478094146751,0.165945068001747,0.749086201190948
tile_283100_1551800.las,28304,78400,0.361,75942,9588,0.8879,75942,151927,0.4999,1.4743,85855,151927,0.5651,100.0,0.564005821943283,0.052191970976031,0.270649522542953,0.634938597679138
tile_283100_1551900.las,26361,67200,0.3923,72149,8568,0.8939,72149,123021,0.5865,1.2115,59676,123021,0.4851,100.0,0.457951356619596,0.123255568180516,0.212676420807838,0.678177237510681
tile_283200_1550000.las,1543,27300,0.0565,1870,1419,0.5686,1870,4311,0.4338,0.0,68,4311,0.0158,100.0,-0.000580295050022,0.019215433813226,-0.032676085829735,0.035249400883913
tile_283200_1550100.las,11183,78400,0.1426,15273,5551,0.7334,15273,31807,0.4802,2.1946,5499,31807,0.1729,100.0,0.032680076688994,0.022719432571182,-0.032070681452751,0.147029727697372
tile_283200_1550200.las,13684,78400,0.1745,27914,5905,0.8254,27914,91362,0.3055,2.3308,60386,91362,0.661,100.0,0.365375623963773,0.238886047227009,0.035504970699549,0.682727038860321
tile_283200_1550300.las,13394,78400,0.1708,32842,5274,0.8616,32842,146029,0.2249,2.6168,116666,146029,0.7989,100.0,0.613709713220596,0.056470916254579,0.505596220493317,0.714236438274384
tile_283200_1550400.las,8777,78400,0.112,19676,3031,0.8665,19676,139253,0.1413,3.0054,127298,139253,0.9141,100.0,0.693788574934006,0.028277108356565,0.626051247119904,0.746767401695251
tile_283200_1550500.las,11624,78400,0.1483,19011,3924,0.8289,19011,97948,0.1941,2.5963,87796,97948,0.8964,100.0,0.533680183589458,0.121023236544326,0.369248420000076,0.757252514362335
tile_283200_1550600.las,15613,78400,0.1991,34047,5355,0.8641,34047,151901,0.2241,2.457,134281,151901,0.884,100.0,0.52881459325552,0.083638007078252,0.366551578044891,0.656613290309906
tile_283200_1550700.las,13017,78400,0.166,30914,4325,0.8773,30914,185996,0.1662,2.7993,171655,185996,0.9229,100.0,0.563933202028275,0.044323095950121,0.464778959751129,0.634648621082306
tile_283200_1550800.las,11669,78400,0.1488,23631,4848,0.8298,23631,124951,0.1891,2.6916,107270,124951,0.8585,100.0,0.567908484935761,0.048614987746849,0.389944314956665,0.627162933349609
tile_283200_1550900.las,14030,78400,0.179,24751,5886,0.8079,24751,89524,0.2765,2.2795,63966,89524,0.7145,100.0,0.579236322045326,0.072186390875224,0.413243800401688,0.704117238521576
tile_283200_1551000.las,20596,78400,0.2627,54721,7270,0.8827,54721,150476,0.3637,1.989,102295,150476,0.6798,100.0,0.552106631100178,0.049685170414135,0.415471196174622,0.640273332595825
tile_283200_1551100.las,18645,78400,0.2378,45635,5005,0.9012,45635,171483,0.2661,2.2793,143930,171483,0.8393,100.0,0.618691284954548,0.048786702427107,0.388347625732422,0.715913653373718
tile_283200_1551200.las,16012,78400,0.2042,33260,4785,0.8742,33260,129685,0.2565,2.2749,110508,129685,0.8521,100.0,0.633815823197365,0.040481778739217,0.542579054832458,0.71700131893158
tile_283200_1551300.las,20721,78400,0.2643,42699,5218,0.8911,42699,112929,0.3781,1.7945,89543,112929,0.7929,100.0,0.602620836496353,0.03776030127974,0.516151130199432,0.682538270950317
tile_283200_1551400.las,20426,78400,0.2605,48539,5915,0.8914,48539,156808,0.3095,2.0625,127630,156808,0.8139,100.0,0.602721347808838,0.049147919460007,0.493222951889038,0.70476633310318
tile_283200_1551500.las,30346,78400,0.3871,82754,9434,0.8977,82754,156386,0.5292,1.3609,94981,156386,0.6073,100.0,0.609468495547771,0.073233076074802,0.437267124652863,0.730740487575531
tile_283200_1551600.las,25423,78400,0.3243,64374,9322,0.8735,64374,118355,0.5439,1.3503,59253,118355,0.5006,100.0,0.529456733465195,0.086357684381593,0.382656902074814,0.685719847679138
tile_283200_1551700.las,26889,78400,0.343,69286,10330,0.8703,69286,117426,0.59,1.2035,44282,117426,0.3771,100.0,0.500025671720505,0.151987450198831,0.153403595089912,0.704675018787384
tile_283200_1551800.las,30245,78400,0.3858,87854,11443,0.8848,87854,161541,0.5438,1.3869,75192,161541,0.4655,100.0,0.544852579534054,0.055378732494734,0.3375383913517,0.675766110420227
tile_283200_1551900.las,26230,67200,0.3903,76665,10249,0.8821,76665,141451,0.542,1.4415,65973,141451,0.4664,100.0,0.509670686125755,0.094059173532915,0.292070746421814,0.682140171527863
tile_283300_1550000.las,58,14994,0.0039,63,307,0.1703,63,424,0.1486,0.0,1,424,0.0024,100.0,-0.013733604964582,0.012690968232418,-0.051098458468914,0.01928180269897
tile_283300_1550100.las,7749,53340,0.1453,10251,4236,0.7076,10251,18746,0.5468,0.003,476,18746,0.0254,100.0,-0.021299706842692,0.02027313919124,-0.06225473433733,0.039001975208521
tile_283300_1550200.las,11142,78400,0.1421,15988,5903,0.7303,15988,35733,0.4474,2.2917,8588,35733,0.2403,100.0,0.009528332153568,0.070192730504599,-0.046275474131107,0.497540056705475
tile_283300_1550300.las,5491,78400,0.07,11583,2990,0.7948,11583,74151,0.1562,3.0268,63424,74151,0.8553,100.0,0.399294859683141,0.288957036582274,-0.005980363115668,0.747132182121277
tile_283300_1550400.las,8509,78400,0.1085,20289,2473,0.8914,20289,138473,0.1465,2.9709,126898,138473,0.9164,100.0,0.694050076007843,0.048756278517019,0.329719603061676,0.750313580036163
tile_283300_1550500.las,7163,78400,0.0914,12373,2217,0.848,12373,116402,0.1063,3.2287,110759,116402,0.9515,100.0,0.686742718219757,0.051408810125196,0.541071474552155,0.758305966854095
tile_283300_1550600.las,15818,78400,0.2018,31190,5655,0.8465,31190,124566,0.2504,2.3748,106064,124566,0.8515,100.0,0.474876041710377,0.057725026725898,0.377362459897995,0.620931029319763
tile_283300_1550700.las,15315,78400,0.1953,37264,5442,0.8726,37264,174703,0.2133,2.5198,153378,174703,0.8779,100.0,0.593634760677815,0.03673106220472,0.49076846241951,0.661911606788635
tile_283300_1550800.las,14872,78400,0.1897,33537,5926,0.8498,33537,148737,0.2255,2.4831,122392,148737,0.8229,100.0,0.501010345816612,0.042804052019834,0.375909268856049,0.633787453174591
tile_283300_1550900.las,14031,78400,0.179,24248,5792,0.8072,24248,90258,0.2687,2.2932,67382,90258,0.7465,100.0,0.528857793211937,0.036356642895134,0.438661754131317,0.600186765193939
tile_283300_1551000.las,17032,78400,0.2172,40581,6919,0.8543,40581,127689,0.3178,2.1673,89974,127689,0.7046,100.0,0.559390578269959,0.032741570607232,0.458741366863251,0.614227056503296
tile_283300_1551100.las,23812,78400,0.3037,66486,9291,0.8774,66486,168764,0.394,1.8179,107739,168764,0.6384,100.0,0.565190831124783,0.045147891401155,0.430271238088608,0.629462361335754
tile_283300_1551200.las,21942,78400,0.2799,54409,6515,0.8931,54409,144923,0.3754,1.8445,110295,144923,0.7611,100.0,0.603524585962296,0.037444211684365,0.500774562358856,0.666061818599701
tile_283300_1551300.las,17701,78400,0.2258,35204,4527,0.8861,35204,100745,0.3494,1.8823,81666,100745,0.8106,100.0,0.630889500379562,0.032704280924639,0.550379693508148,0.701344966888428
tile_283300_1551400.las,17730,78400,0.2261,42727,5140,0.8926,42727,145264,0.2941,2.1328,119989,145264,0.826,100.0,0.660788632035255,0.034058954302123,0.562000751495361,0.723507702350616
tile_283300_1551500.las,23035,78400,0.2938,61344,8027,0.8843,61344,162133,0.3784,1.9169,112515,162133,0.694,100.0,0.668644063472748,0.034651044485377,0.583890080451965,0.722268760204315
tile_283300_1551600.las,22923,78400,0.2924,58149,11002,0.8409,58149,140452,0.414,1.7915,81467,140452,0.58,100.0,0.639207398295403,0.031734438913738,0.552900910377502,0.705630540847778
tile_283300_1551700.las,20571,78400,0.2624,40294,10736,0.7896,40294,90654,0.4445,1.6251,41038,90654,0.4527,100.0,0.548026772141457,0.090556823135743,0.397159188985825,0.701152265071869
tile_283300_1551800.las,23609,78400,0.3011,66877,11013,0.8586,66877,164378,0.4068,1.7953,98572,164378,0.5997,100.0,0.611607686579227,0.05225161911353,0.466403126716614,0.710642158985138
tile_283300_1551900.las,22487,67200,0.3346,64644,11838,0.8452,64644,141129,0.458,1.7311,66188,141129,0.469,100.0,0.562551957368851,0.053945751644006,0.407699525356293,0.67982417345047
tile_283400_1550000.las,2,5130,0.0004,3,15,0.1667,3,20,0.15,0.0,0,20,0.0,100.0,-0.073833675067872,0.01571376543432,-0.098822593688965,-0.021008979529142
tile_283400_1550100.las,4237,40320,0.1051,5324,2797,0.6556,5324,10575,0.5035,0.0015,220,10575,0.0208,100.0,-0.0623684277758,0.009881971074404,-0.090703941881657,-0.038506466895342
tile_283400_1550200.las,12784,78400,0.1631,17085,5954,0.7416,17085,30129,0.5671,0.0142,839,30129,0.0278,100.0,-0.042548170657828,0.012636843992981,-0.065057411789894,-0.013533369638026
tile_283400_1550300.las,4240,78400,0.0541,6137,3181,0.6586,6137,12040,0.5097,0.8006,1435,12040,0.1192,100.0,-0.007872102265246,0.022414413825815,-0.040728397667408,0.091781578958035
tile_283400_1550400.las,6498,78400,0.0829,15296,2124,0.8781,15296,77729,0.1968,2.6589,68275,77729,0.8784,100.0,0.376350280988263,0.290558454332395,0.001530475798063,0.740747809410095
tile_283400_1550500.las,8163,78400,0.1041,13976,2250,0.8613,13976,130560,0.107,3.2051,124644,130560,0.9547,100.0,0.675057970881462,0.036614090700628,0.587358176708221,0.728948891162872
tile_283400_1550600.las,16867,78400,0.2151,30426,7713,0.7978,30426,102204,0.2977,2.145,77073,102204,0.7541,100.0,0.48076400488615,0.070363613893054,0.354372292757034,0.6155104637146
tile_283400_1550700.las,15684,78400,0.2001,35997,6520,0.8466,35997,168062,0.2142,2.5422,145801,168062,0.8675,100.0,0.581994822025299,0.047260988813687,0.479320347309113,0.685296952724457
tile_283400_1550800.las,14960,78400,0.1908,37175,4410,0.894,37175,189042,0.1966,2.6061,171335,189042,0.9063,100.0,0.499399324059486,0.029228470990585,0.417833149433136,0.558555901050568
tile_283400_1550900.las,13562,78400,0.173,29138,5424,0.8431,29138,115494,0.2523,2.4474,90652,115494,0.7849,100.0,0.494572766125202,0.042546173826657,0.363420486450195,0.557646453380585
tile_283400_1551000.las,18752,78400,0.2392,39696,6453,0.8602,39696,98129,0.4045,1.7567,65742,98129,0.67,100.0,0.530757223963737,0.043639935801274,0.396117001771927,0.604243338108063
tile_283400_1551100.las,20521,78400,0.2617,56003,9721,0.8521,56003,162248,0.3452,2.0233,106467,162248,0.6562,100.0,0.541128394305706,0.040351133366023,0.444943577051163,0.615955710411072
tile_283400_1551200.las,18486,78400,0.2358,45035,5649,0.8885,45035,168837,0.2667,2.2637,143048,168837,0.8473,100.0,0.648972797393799,0.034590668738147,0.555788278579712,0.732408046722412
tile_283400_1551300.las,17585,78400,0.2243,36561,4440,0.8917,36561,120492,0.3034,2.057,102492,120492,0.8506,100.0,0.687961898446083,0.048290205404373,0.536925911903381,0.774496734142303
tile_283400_1551400.las,16866,78400,0.2151,36738,3958,0.9027,36738,126216,0.2911,2.108,109902,126216,0.8707,100.0,0.71044813990593,0.035003083960054,0.616424679756165,0.772055327892303
tile_283400_1551500.las,20089,78400,0.2562,52307,6600,0.888,52307,172576,0.3031,2.1033,138458,172576,0.8023,100.0,0.702589461803436,0.031008492545006,0.623835265636444,0.759667098522186
tile_283400_1551600.las,16267,78400,0.2075,40918,6645,0.8603,40918,171773,0.2382,2.4877,139810,171773,0.8139,100.0,0.639395173788071,0.031097975210143,0.556567370891571,0.696673393249512
tile_283400_1551700.las,15420,78400,0.1967,29730,6848,0.8128,29730,107463,0.2767,2.2128,82324,107463,0.7661,100.0,0.659972993135452,0.029248574143597,0.577782988548279,0.711785614490509
tile_283400_1551800.las,15962,78400,0.2036,38213,6327,0.8579,38213,124080,0.308,2.1364,92760,124080,0.7476,100.0,0.621345919966698,0.034578706354165,0.51859575510025,0.698072075843811
tile_283400_1551900.las,17856,67200,0.2657,47006,8917,0.8405,47006,130666,0.3597,2.0696,80332,130666,0.6148,100.0,0.568443929255009,0.091831192517909,0.297800958156586,0.664618611335754
tile_283500_1550100.las,1501,29400,0.0511,1820,1411,0.5633,1820,4052,0.4492,0.0029,71,4052,0.0175,100.0,-0.080283946767449,0.005840049467153,-0.094182960689068,-0.063073299825191
tile_283500_1550200.las,11257,58800,0.1914,14900,5343,0.7361,14900,26416,0.5641,0.0023,738,26416,0.0279,100.0,-0.064482476748526,0.007382461186023,-0.077987186610699,-0.04429566860199
tile_283500_1550300.las,7735,58800,0.1315,9652,4678,0.6736,9652,18809,0.5132,0.002,427,18809,0.0227,100.0,-0.042974271299317,0.011176900583997,-0.067931920289993,-0.012425000779331
tile_283500_1550400.las,6585,78400,0.084,12740,2872,0.816,12740,59592,0.2138,2.49,50947,59592,0.8549,100.0,0.172517503972631,0.245867206752936,-0.042756479233503,0.710494101047516
tile_283500_1550500.las,14997,78400,0.1913,32065,10985,0.7448,32065,146234,0.2193,2.5154,110990,146234,0.759,100.0,0.522277486771345,0.132257461491561,0.23851977288723,0.716913819313049
tile_283500_1550600.las,18178,78400,0.2319,36359,18714,0.6602,36359,119401,0.3045,2.0757,60149,119401,0.5038,100.0,0.404835750311613,0.152614221106111,0.197204574942589,0.707407534122467
tile_283500_1550700.las,15061,78400,0.1921,34444,6479,0.8417,34444,156788,0.2197,2.4952,133602,156788,0.8521,100.0,0.665543743669987,0.068061856360102,0.380803197622299,0.758740782737732
tile_283500_1550800.las,13876,78400,0.177,37289,4383,0.8948,37289,194439,0.1918,2.6765,174219,194439,0.896,100.0,0.60055286437273,0.091003699890191,0.354384124279022,0.733785212039948
tile_283500_1550900.las,9278,78400,0.1183,21196,3670,0.8524,21196,144556,0.1466,3.044,129452,144556,0.8955,100.0,0.573445573449135,0.087315600211588,0.359779566526413,0.729287147521973
tile_283500_1551000.las,10660,78400,0.136,18241,2525,0.8784,18241,91538,0.1993,2.5517,84369,91538,0.9217,100.0,0.61610161036253,0.066937785720992,0.436396479606628,0.739360570907593
tile_283500_1551100.las,11679,78400,0.149,23800,2880,0.8921,23800,141960,0.1677,2.7034,133907,141960,0.9433,100.0,0.597152354717255,0.019012788207836,0.537521541118622,0.625981628894806
tile_283500_1551200.las,12125,78400,0.1547,27042,2842,0.9049,27042,182165,0.1484,2.8428,173270,182165,0.9512,100.0,0.649401710033417,0.057775234793439,0.551505565643311,0.76280015707016
tile_283500_1551300.las,12612,78400,0.1609,24517,3025,0.8902,24517,141325,0.1735,2.6899,132398,141325,0.9368,100.0,0.670677623152733,0.047698547887605,0.565146923065186,0.770044803619385
tile_283500_1551400.las,16431,78400,0.2096,33175,3798,0.8973,33175,111040,0.2988,2.0642,96551,111040,0.8695,100.0,0.699128728508949,0.050307671490081,0.567689061164856,0.76999169588089
tile_283500_1551500.las,16336,78400,0.2084,39636,4510,0.8978,39636,148946,0.2661,2.2089,129172,148946,0.8672,100.0,0.642116958498955,0.066547919582604,0.500329256057739,0.735921919345856
tile_283500_1551600.las,13003,78400,0.1659,30522,3518,0.8967,30522,179517,0.17,2.7056,167076,179517,0.9307,100.0,0.583799839615822,0.059130527633057,0.466751545667648,0.679204881191254
tile_283500_1551700.las,16225,78400,0.207,32268,6842,0.8251,32268,124917,0.2583,2.2419,101682,124917,0.814,100.0,0.624158434569836,0.055304283995165,0.495053678750992,0.731083333492279
tile_283500_1551800.las,15048,78400,0.1919,27771,7412,0.7893,27771,92054,0.3017,2.067,66645,92054,0.724,100.0,0.555427733361721,0.077890217467082,0.430050909519196,0.710882782936096
tile_283500_1551900.las,18780,67200,0.2795,53452,11198,0.8268,53452,127683,0.4186,1.7703,64520,127683,0.5053,100.0,0.534012915790081,0.060172726063157,0.394790053367615,0.658949851989746
tile_283600_1550000.las,212,3000,0.0707,245,228,0.518,245,630,0.3889,0.0,10,630,0.0159,100.0,-0.092602654621005,0.004977801263665,-0.10248889029026,-0.079085893929005
tile_283600_1550100.las,180,8910,0.0202,199,481,0.2926,199,823,0.2418,0.0,7,823,0.0085,100.0,-0.08051274292171,0.006307409113838,-0.0990379601717,-0.066825404763222
tile_283600_1550200.las,7926,56700,0.1398,10282,4507,0.6952,10282,19130,0.5375,0.0039,538,19130,0.0281,100.0,-0.072933912947774,0.005965992308045,-0.089119181036949,-0.061536058783531
tile_283600_1550300.las,11161,78400,0.1424,14495,5889,0.7111,14495,27151,0.5339,0.1994,812,27151,0.0299,100.0,-0.054865087717772,0.008252391587129,-0.070854045450687,-0.031607512384653
tile_283600_1550400.las,14026,78400,0.1789,27039,7050,0.7932,27039,85336,0.3169,2.0136,62196,85336,0.7288,100.0,0.209453802428907,0.193015518659724,-0.051405720412731,0.481074392795563
tile_283600_1550500.las,23873,78400,0.3045,66172,25556,0.7214,66172,160381,0.4126,1.534,66888,160381,0.4171,100.0,0.244403807595372,0.094958029456525,0.113825149834156,0.500307142734528
tile_283600_1550600.las,18794,78400,0.2397,41533,29227,0.587,41533,127407,0.326,1.5767,32356,127407,0.254,100.0,0.313026144504547,0.114789965600308,0.109040275216103,0.581841468811035
tile_283600_1550700.las,22507,78400,0.2871,55115,16859,0.7658,55115,127837,0.4311,1.468,52575,127837,0.4113,100.0,0.455734879076481,0.09337106423005,0.28907573223114,0.603573381900787
tile_283600_1550800.las,19926,78400,0.2542,64438,15297,0.8082,64438,185156,0.348,2.0921,100245,185156,0.5414,100.0,0.496852647960186,0.162062430341848,0.220252498984337,0.734332859516144
tile_283600_1550900.las,17528,78400,0.2236,53609,10318,0.8386,53609,175346,0.3057,2.1917,117286,175346,0.6689,100.0,0.562312083095312,0.185143624632232,0.19695733487606,0.759742498397827
tile_283600_1551000.las,15103,78400,0.1926,28352,4863,0.8536,28352,96087,0.2951,2.0606,80373,96087,0.8365,100.0,0.635904304981232,0.08696114300244,0.418238312005997,0.757888317108154
tile_283600_1551100.las,16212,78400,0.2068,30869,7720,0.7999,30869,111070,0.2779,2.1357,83413,111070,0.751,100.0,0.566818226575851,0.099102753394824,0.264238566160202,0.71045857667923
tile_283600_1551200.las,17621,78400,0.2248,40129,5778,0.8741,40129,174425,0.2301,2.42,151668,174425,0.8695,100.0,0.652611927986145,0.079164761646523,0.382929503917694,0.761151969432831
tile_283600_1551300.las,15194,78400,0.1938,31534,4420,0.8771,31534,158257,0.1993,2.5811,143646,158257,0.9077,100.0,0.67983834862709,0.056150524057695,0.534170269966125,0.749082982540131
tile_283600_1551400.las,13615,78400,0.1737,25229,3413,0.8808,25229,108762,0.232,2.347,99006,108762,0.9103,100.0,0.589495718479156,0.032434502812576,0.521905183792114,0.663126230239868
tile_283600_1551500.las,18641,78400,0.2378,36244,5755,0.863,36244,102427,0.3539,1.8338,81923,102427,0.7998,100.0,0.600614368319511,0.030194708043364,0.485814154148102,0.645447731018066
tile_283600_1551600.las,21909,78400,0.2795,57566,6390,0.9001,57566,169005,0.3406,1.9254,137285,169005,0.8123,100.0,0.623428033590317,0.024201850277064,0.541437804698944,0.671343863010406
tile_283600_1551700.las,26614,78400,0.3395,70344,9057,0.8859,70344,165544,0.4249,1.6387,120559,165544,0.7283,100.0,0.613418464064598,0.04377838156332,0.527759730815887,0.694000124931335
tile_283600_1551800.las,19411,78400,0.2476,35975,10121,0.7804,35975,93786,0.3836,1.7114,57176,93786,0.6096,100.0,0.612906019687653,0.036447898257697,0.519500911235809,0.686842083930969
tile_283600_1551900.las,18792,67200,0.2796,51820,11960,0.8125,51820,109958,0.4713,1.394,51818,109958,0.4713,100.0,0.540572065711021,0.0667930099998,0.340492755174637,0.629509091377258
tile_283700_1550000.las,2678,23769,0.1127,3896,1440,0.7301,3896,6761,0.5762,0.0048,276,6761,0.0408,100.0,-0.094091335535049,0.005274622606132,-0.10774140059948,-0.078097619116306
tile_283700_1550100.las,5,2666,0.0019,5,39,0.1136,5,53,0.0943,0.0,0,53,0.0,100.0,-0.087530041113496,0.005339205940951,-0.100187957286835,-0.074617274105549
tile_283700_1550200.las,3720,75600,0.0492,4611,2615,0.6381,4611,9345,0.4934,0.0203,250,9345,0.0268,100.0,-0.081021246165037,0.006050714865927,-0.094057127833366,-0.06665200740099
tile_283700_1550300.las,14275,78400,0.1821,20845,6933,0.7504,20845,36823,0.5661,0.2194,1637,36823,0.0445,100.0,-0.059094659332186,0.00929895536944,-0.078426577150822,-0.02555581741035
tile_283700_1550400.las,22949,78400,0.2927,53795,14616,0.7864,53795,106205,0.5065,1.339,34419,106205,0.3241,100.0,0.132881010319106,0.097457676793214,-0.057648699730635,0.286875516176224
tile_283700_1550500.las,27137,78400,0.3461,78032,26779,0.7445,78032,167099,0.467,1.3465,55394,167099,0.3315,100.0,0.188706079535186,0.094349239732428,0.046562824398279,0.372305691242218
tile_283700_1550600.las,25807,78400,0.3292,69442,26216,0.7259,69442,149913,0.4632,1.1086,48425,149913,0.323,100.0,0.310667250305414,0.072855275051984,0.122373387217522,0.491140633821487
tile_283700_1550700.las,23227,78400,0.2963,49897,15655,0.7612,49897,126400,0.3948,1.6256,61142,126400,0.4837,100.0,0.453613843023777,0.121129738247909,0.279488414525986,0.694911360740662
tile_283700_1550800.las,23947,78400,0.3054,75607,19682,0.7934,75607,162493,0.4653,1.3366,49856,162493,0.3068,100.0,0.392949916124344,0.134742752928817,0.193124607205391,0.68660831451416
tile_283700_1550900.las,26823,78400,0.3421,91031,19398,0.8243,91031,186270,0.4887,1.2311,66986,186270,0.3596,100.0,0.330116872638464,0.11683028176872,0.156117096543312,0.611537337303162
tile_283700_1551000.las,19083,78400,0.2434,45491,8131,0.8484,45491,120502,0.3775,1.7745,83711,120502,0.6947,100.0,0.579707467854023,0.089535272350144,0.285757124423981,0.716688871383667
tile_283700_1551100.las,17675,78400,0.2254,32507,10211,0.761,32507,90265,0.3601,1.752,51022,90265,0.5652,100.0,0.460397350788116,0.116691981300489,0.264001160860062,0.670528888702393
tile_283700_1551200.las,22637,78400,0.2887,57235,10064,0.8505,57235,149599,0.3826,1.7732,98221,149599,0.6566,100.0,0.465598711967468,0.098975049625525,0.280958861112595,0.645050883293152
tile_283700_1551300.las,22389,78400,0.2856,59330,11641,0.836,59330,171330,0.3463,1.9273,118238,171330,0.6901,100.0,0.514825237691402,0.106719511910047,0.22628128528595,0.677269876003265
tile_283700_1551400.las,19083,78400,0.2434,40982,6367,0.8655,40982,124748,0.3285,1.9447,101032,124748,0.8099,100.0,0.53229414910078,0.059831272923398,0.407349139451981,0.624362468719482
tile_283700_1551500.las,21393,78400,0.2729,46182,9469,0.8299,46182,112918,0.409,1.6313,75174,112918,0.6657,100.0,0.61824586212635,0.020779635593572,0.565497517585754,0.663929224014282
tile_283700_1551600.las,24246,78400,0.3093,65820,9781,0.8706,65820,167638,0.3926,1.7919,116385,167638,0.6943,100.0,0.603452385663986,0.039312664838811,0.400913029909134,0.660273790359497
tile_283700_1551700.las,26977,78400,0.3441,75417,8916,0.8943,75417,168858,0.4466,1.5942,114923,168858,0.6806,100.0,0.588884873986244,0.045891066251906,0.435923427343369,0.662089049816132
tile_283700_1551800.las,19082,78400,0.2434,45927,9848,0.8234,45927,117199,0.3919,1.7158,76126,117199,0.6495,100.0,0.546305052340031,0.054903536183509,0.437982141971588,0.661795496940613
tile_283700_1551900.las,15184,67200,0.226,29961,9355,0.7621,29961,80923,0.3702,1.833,43009,80923,0.5315,100.0,0.567100647091866,0.044863936496005,0.414610058069229,0.644487798213959
tile_283800_1550000.las,7938,47040,0.1688,13379,4063,0.7671,13379,23234,0.5758,0.0024,662,23234,0.0285,100.0,-0.094777579382062,0.008372773688798,-0.119994334876537,-0.082081340253353
tile_283800_1550100.las,66,18648,0.0035,71,243,0.2261,71,386,0.1839,0.0,1,386,0.0026,100.0,-0.088922370672226,0.005334243645019,-0.098211564123631,-0.075200699269772
tile_283800_1550200.las,1037,54600,0.019,1180,1306,0.4747,1180,3153,0.3742,0.0035,46,3153,0.0146,100.0,-0.081055277884007,0.005655873790715,-0.091621585190296,-0.068504601716995
tile_283800_1550300.las,13326,78400,0.17,20470,7339,0.7361,20470,36917,0.5545,0.0922,1589,36917,0.043,100.0,-0.045526460184483,0.032612228122279,-0.0746094211936,0.070188589394093
tile_283800_1550400.las,25174,78400,0.3211,63725,18419,0.7758,63725,113331,0.5623,0.7152,18560,113331,0.1638,100.0,0.106683280579746,0.032309233030117,0.038519270718098,0.197706267237663
tile_283800_1550500.las,29827,78400,0.3804,90644,29109,0.7569,90644,178684,0.5073,1.0798,46034,178684,0.2576,100.0,0.161073264405131,0.042786720796356,0.073045112192631,0.274712353944778
tile_283800_1550600.las,29907,78400,0.3815,85015,23156,0.7859,85015,171541,0.4956,1.2207,68263,171541,0.3979,100.0,0.312112783268094,0.086154340772304,0.119207501411438,0.496306210756302
tile_283800_1550700.las,24219,78400,0.3089,48945,12194,0.8006,48945,123235,0.3972,1.6347,75167,123235,0.6099,100.0,0.549073668122292,0.097245715347521,0.262798696756363,0.710116982460022
tile_283800_1550800.las,20032,78400,0.2555,56214,23827,0.7023,56214,138945,0.4046,1.2806,22335,138945,0.1607,100.0,0.360041834712028,0.127735758247951,0.198762491345406,0.670547485351562
tile_283800_1550900.las,24745,78400,0.3156,95552,26314,0.7841,95552,195441,0.4889,0.767,19360,195441,0.0991,100.0,0.287645476311445,0.054398249990758,0.226793676614761,0.497681736946106
tile_283800_1551000.las,25484,78400,0.3251,73974,12866,0.8518,73974,149381,0.4952,1.3248,65401,149381,0.4378,100.0,0.530389017164707,0.08244424610235,0.280026614665985,0.637391030788422
tile_283800_1551100.las,21380,78400,0.2727,39340,7500,0.8399,39340,88880,0.4426,1.5066,54045,88880,0.6081,100.0,0.522627502977848,0.079260116091099,0.333005666732788,0.692701756954193
tile_283800_1551200.las,22217,78400,0.2834,60488,11430,0.8411,60488,129680,0.4664,1.4349,67954,129680,0.524,100.0,0.489341108798981,0.114040673353147,0.258008062839508,0.688106417655945
tile_283800_1551300.las,30559,78400,0.3898,102720,16964,0.8583,102720,184949,0.5554,1.092,82090,184949,0.4439,100.0,0.453733484745026,0.073110603341478,0.269231855869293,0.603379964828491
tile_283800_1551400.las,26129,78400,0.3333,70171,11743,0.8566,70171,149620,0.469,1.4342,90655,149620,0.6059,100.0,0.470017168819904,0.047453125834175,0.307919412851334,0.566734731197357
tile_283800_1551500.las,23720,78400,0.3026,52028,11527,0.8186,52028,116495,0.4466,1.4916,67609,116495,0.5804,100.0,0.552764191031456,0.052239442320084,0.399341553449631,0.625264465808868
tile_283800_1551600.las,26685,78400,0.3404,69333,13160,0.8405,69333,160120,0.433,1.6022,97234,160120,0.6073,100.0,0.588568423986435,0.039366559207667,0.486722141504288,0.658785402774811
tile_283800_1551700.las,27043,78400,0.3449,70119,9128,0.8848,70119,161268,0.4348,1.5804,114301,161268,0.7088,100.0,0.602839249968529,0.029311267206578,0.544996380805969,0.655891120433807
tile_283800_1551800.las,26609,78400,0.3394,72773,10446,0.8745,72773,142478,0.5108,1.3219,84212,142478,0.5911,100.0,0.514120754003525,0.068859070088392,0.339905291795731,0.61661434173584
tile_283800_1551900.las,18204,67200,0.2709,34903,9672,0.783,34903,72460,0.4817,1.3074,28513,72460,0.3935,100.0,0.475873403847218,0.086566786530948,0.286295145750046,0.633980512619019
tile_283900_1550000.las,12362,43200,0.2862,22352,5556,0.8009,22352,37128,0.602,0.0046,1085,37128,0.0292,100.0,-0.101851261109114,0.008958737873398,-0.123991563916206,-0.084420152008533
tile_283900_1550100.las,1563,49623,0.0315,2119,1272,0.6249,2119,4451,0.4761,0.0018,82,4451,0.0184,100.0,-0.087382652312517,0.007735166216855,-0.101945795118809,-0.06518892198801
tile_283900_1550200.las,75,45666,0.0016,79,417,0.1593,79,587,0.1346,0.0445,5,587,0.0085,100.0,-0.074520438238978,0.008732600492789,-0.093174509704113,-0.050186928361654
tile_283900_1550300.las,8755,63360,0.1382,16086,5382,0.7493,16086,28152,0.5714,0.0908,1843,28152,0.0655,100.0,-0.030092492034892,0.024612267968247,-0.082728043198586,0.027869505807757
tile_283900_1550400.las,18359,67200,0.2732,37778,15753,0.7057,37778,75312,0.5016,0.7621,7764,75312,0.1031,100.0,0.031091612108576,0.034894206420706,-0.006653489544988,0.188648357987404
tile_283900_1550500.las,22722,67200,0.3381,63684,19582,0.7648,63684,136807,0.4655,1.4312,50687,136807,0.3705,100.0,0.217598791718483,0.08854943564707,0.042632810771465,0.393168330192566
tile_283900_1550600.las,25702,67200,0.3825,86215,17531,0.831,86215,168346,0.5121,1.2137,80075,168346,0.4757,100.0,0.325679355710745,0.134654064642928,0.130219787359238,0.602358281612396
tile_283900_1550700.las,19338,67200,0.2878,45091,23106,0.6612,45091,113985,0.3956,1.1806,25320,113985,0.2221,100.0,0.268361345380545,0.095735268811165,0.103175915777683,0.515068292617798
tile_283900_1550800.las,16048,67200,0.2388,37333,26525,0.5846,37333,108312,0.3447,0.7336,6376,108312,0.0589,100.0,0.23352791942656,0.070973521427731,0.119970224797726,0.46474888920784
tile_283900_1550900.las,19830,67200,0.2951,72458,24710,0.7457,72458,155647,0.4655,0.5071,13453,155647,0.0864,100.0,0.230085568577051,0.081742283918135,0.081701137125492,0.541671335697174
tile_283900_1551000.las,23701,67200,0.3527,82782,17254,0.8275,82782,150273,0.5509,0.7908,34909,150273,0.2323,100.0,0.34916650056839,0.105538185069721,0.101738408207893,0.589671969413757
tile_283900_1551100.las,20869,67200,0.3106,44842,9115,0.8311,44842,87226,0.5141,1.1875,42166,87226,0.4834,100.0,0.557638731300831,0.087892548158736,0.33458885550499,0.703812599182129
tile_283900_1551200.las,21644,67200,0.3221,51694,10012,0.8377,51694,94186,0.5489,1.0365,43900,94186,0.4661,100.0,0.561654578447342,0.098765748106216,0.2728351354599,0.715788066387177
tile_283900_1551300.las,27509,67200,0.4094,91070,14395,0.8635,91070,150351,0.6057,0.8291,55908,150351,0.3718,100.0,0.469668185412884,0.09513539870019,0.294153988361359,0.644191205501556
tile_283900_1551400.las,25785,67200,0.3837,81376,14546,0.8484,81376,147231,0.5527,1.0378,59712,147231,0.4056,100.0,0.39876168012619,0.098329243242589,0.122500583529472,0.552471220493317
tile_283900_1551500.las,23790,67200,0.354,62178,12090,0.8372,62178,118488,0.5248,1.1843,55479,118488,0.4682,100.0,0.460544285178185,0.046995588955939,0.272416800260544,0.544680416584015
tile_283900_1551600.las,25052,67200,0.3728,69823,10105,0.8736,69823,145122,0.4811,1.4228,88650,145122,0.6109,100.0,0.492661983966827,0.093047301052864,0.221320524811745,0.608373820781708
tile_283900_1551700.las,22715,67200,0.338,60888,11229,0.8443,60888,137089,0.4441,1.5211,78857,137089,0.5752,100.0,0.484764867424965,0.103875555114393,0.249092876911163,0.62895655632019
tile_283900_1551800.las,24452,67200,0.3639,70112,10794,0.8666,70112,132301,0.5299,1.2246,69756,132301,0.5273,100.0,0.524541781246662,0.063103752721264,0.330132454633713,0.629977524280548
tile_283900_1551900.las,16849,57600,0.2925,40346,10626,0.7915,40346,75750,0.5326,0.9956,26997,75750,0.3564,100.0,0.526803728938103,0.05788244678752,0.397781550884247,0.645826637744904
